link,rad,autor,Comisión y estado 
POR MEDIO DEL CUAL SE CREA EL CERTIFICADO DE RESPONSABILIDAD ÉTNICA EMPRESARIAL Y SE DICTAN OTRAS DISPOSICIONES,F Radicado: 09 Agosto 2023 | N° Senado: 300/24 | N° Camara: 123/23,"H.R. ASTRID SÁNCHEZ MONTES DE OCA, GERSEL LUIS PÉREZ ALTAMIRANDA, KAREN ASTRITH MANRIQUE OLARTE, JAMES HERMENEGILDO MOSQUERA TORRES, JORGE ALEJANDRO OCAMPO GIRALDO, ORLANDO CASTILLO ADVINCULA, MIGUEL ABRAHAM POLO POLO, ANA PAOLA GARCÍA SOTO, HERACLITO LANDINEZ SUÁREZ, MARELEN CASTILLO TORRES, JORGE MÉNDEZ HERNÁNDEZ, LUIS ALBERTO ALBÁN URBANO, CARLOS FELIPE QUINTERO OVALLE, JORGE ELIÉCER TAMAYO MARULANDA",SEPTIMA
"POR MEDIO DEL CUAL SE ESTABLECEN MECANISMOS PARA EL SALVAMENTO, CAPITALIZACIÓN Y REACTIVACIÓN EMPRESARIAL DE LAS SALINAS MARÍTIMAS DE MANAURE - SAMA LTDA ¨MENSAJE DE URGENCIA¨",,"EL MINISTRO DE COMERCIO, INDUSTRIA Y TURISMO - GERMAN UMAÑA MENDOZA, H.S.ALFREDO RAFAEL DELUQUE ZULETA, JULIO ELIAS VIDAL, MARTHA ISABEL PERALTA EPIEYU, JOHN JAIRO ROLDÁN AVENDAÑO, AIDA YOLANDA AVELLA ESQUIVEL, CLARA EUGENIA LÓPEZ OBREGÓN, CLAUDIA MARÍA PÉREZ GIRALDO, GLORIA INÉS FLÓREZ SCHNEIDER, SANDRA YANETH JAIMES CRUZ, CATALINA DEL SOCORRO PÉREZ PÉREZ, ISABEL CRISTINA ZULETA LÓPEZ, JAEL QUIROGA CARRILLO, OMAR DE JESÚS RESTREPO CORREA, PABLO CATATUMBO TORRES VICTORIA, SANDRA RAMÍREZ LOBO, ROBERT DAZA GUEVARA, JAIRO ALBERTO CASTELLANOS SERRANO, IMELDA DAZA COTES, GUSTAVO ADOLFO MORENO HURTADO, GUIDO ECHEVERRI PIEDRAHITA, INTI RAÚL ASPRILLA REYES, YULY ESMERALDA HERNÁNDEZ SILVA, PEDRO HERNANDO FLÓREZ PORRAS, JUAN FELIPE LEMOS URIBE, LAURA ESTHER FORTICH SANCHEZ, JULIÁN GALLO CUBILLOS, IVÁN CEPEDA CASTRO H.R.EDUARD GIOVANNY SARMIENTO HIDALGO, JOSÉ ELIÉCER SALAZAR LÓPEZ, OLGA LUCIA VELÁSQUEZ NIETO, JAIRO REINALDO CALA SUÁREZ, LUIS DAVID SÚAREZ CHADID, HUGO DANILO LOZANO PIMIENTO, GABRIEL ERNESTO PARRADO DURÁN, ALFREDO MONDRAGÓN GARZÓN, DAVID RICARDO RACERO MAYORCA, KAREN ASTRITH MANRIQUE OLARTE, JULIÁN DAVID LÓPEZ TENORIO, ERMES EVELIO PETE VIVAS, ANDRÉS GUILLERMO MONTES CELEDÓN, ETNA TAMARA ARGOTE CALDERÓN, JORGE HERNÁN BASTIDAS ROSERO, ANÍBAL GUSTAVO HOYOS FRANCO, JENNIFER DALLEY PEDRAZA SANDOVAL, GLORIA LILIANA RODRÍGUEZ VALENCIA, LEYLA MARLENY RINCÓN TRUJILLO, JORGE ELIÉCER TAMAYO MARULANDA, MARÍA FERNANDA CARRASCAL ROJAS, LUIS ALBERTO ALBÁN URBANO, CARMEN FELISA RAMÍREZ BOSCÁN, HAIVER RINCÓN GUTIÉRREZ, GLORIA ELENA ARIZABALETA CORRAL, HERACLITO LANDINEZ SUÁREZ, JORGE ANDRÉS CANCIMANCE LÓPEZ, PEDRO JOSÉ SÚAREZ VACCA, CARLOS ALBERTO CARREÑO MARIN, GABRIEL BECERRA YAÑEZ, MARY ANNE ANDREA PERDOMO, NORMAN DAVID BAÑOL ÁLVAREZ, SUSANA GÓMEZ CASTAÑO, DAVID ALEJANDRO TORO RAMÍREZ, PEDRO BARACUTAO GARCÍA OSPINA, GERMÁN JOSÉ GÓMEZ LÓPEZ, WILMER YAIR CASTELLANOS HERNÁNDEZ, ALIRIO URIBE MUÑOZ, MODESTO ENRIQUE AGUILERA VIDES, GERSEL LUIS PÉREZ ALTAMIRANDA, SANTIAGO OSORIO MARÍN, DOLCEY OSCAR TORRES ROMERO, PIEDAD CORREAL RUBIANO, JAMES HERMENEGILDO MOSQUERA TORRES, JAVIER ALEXANDER SÁNCHEZ REYES, FERNANDO DAVID NIÑO MENDOZA, HERNANDO GONZÁLEZ, ALEXANDER HARLEY BERMÚDEZ LASSO, DORINA HERNÁNDEZ PALOMINO, CÉSAR CRISTIAN GÓMEZ CASTRO, ERICK ADRIÁN VELASCO BURBANO, MAURICIO PARODI DÍAZ, JULIO CÉSAR TRIANA QUINTERO, MILENE JARAVA DÍAZ, WADITH ALBERTO MANZUR IMBETT, CIRO ANTONIO RODRÍGUEZ PINZÓN, MÓNICA KARINA BOCANEGRA PANTOJA, WILDER IBERSON ESCOBAR ORTIZ, OLGA BEATRIZ GONZÁLEZ CORREA, INGRID JOHANA AGUIRRE JUVINAO, ORLANDO CASTILLO ADVINCULA, ANDRÉS DAVID CALLE AGUAS, MARÍA DEL MAR PIZARRO GARCÍA, MARTHA LISBETH ALFONSO JURADO, JOHN EDGAR PÉREZ ROJAS, HERNANDO GUIDA PONCE",PENDIENTE RENDIR PONENCIA PARA SEGUNDO DEBATE EN SENADO
POR MEDIO DE LA CUAL SE RECONOCE AL PAISAJE CULTURAL CAFETERO DE COLOMBIA COMO ZONA RESTRINGIDA DE MINERÍA Y SE DICTAN OTRAS DISPOSICIONES.,F Radicado: 13 Marzo 2024 | N° Senado: 259/24 | N° Camara: 399/24,"Honorables Senadores Inti Raúl Asprilla Reyes y Edwing Fabián Díaz Plata.
Honorables Representantes. Alejandro García Ríos, Piedad Correal Rubiano, Carolina Giraldo Botero, John Edgar Pérez Rojas, Carlos Edward Osorio Aguiar, Juan Sebastián Gómez Gonzáles, Delcy Esperanza Isaza Buenaventura, John Fredy Núñez Ramos, Julia Miranda Londoño, Santiago Osorio Marín, Gabriel Becerra Yañez, Omar De Jesús Restrepo Correa, Hernando González, Jorge Eliécer Tamayo Marulanda y Aníbal Gustavo Hoyos Franco.","POR MEDIO DEL CUAL SE CREA EL CERTIFICADO DE RESPONSABILIDAD ÉTNICA EMPRESARIAL Y SE DICTAN OTRAS DISPOSICIONES

F Radicado: 09 Agosto 2023 | N° Senado: 300/24 | N° Camara: 123/23
Autor: H.R. ASTRID SÁNCHEZ MONTES DE OCA, GERSEL LUIS PÉREZ ALTAMIRANDA, KAREN ASTRITH MANRIQUE OLARTE, JAMES HERMENEGILDO MOSQUERA TORRES, JORGE ALEJANDRO OCAMPO GIRALDO, ORLANDO CASTILLO ADVINCULA, MIGUEL ABRAHAM POLO POLO, ANA PAOLA GARCÍA SOTO, HERACLITO LANDINEZ SUÁREZ, MARELEN CASTILLO TORRES, JORGE MÉNDEZ HERNÁNDEZ, LUIS ALBERTO ALBÁN URBANO, CARLOS FELIPE QUINTERO OVALLE, JORGE ELIÉCER TAMAYO MARULANDA"
"POR MEDIO DEL CUAL SE ADOPTA UNA POLÍTICA DE ESTADO PARA ORDENAR LA DELIMITACIÓN, RECUPERACIÓN, RESTAURACIÓN Y ORDENAMIENTO AMBIENTAL Y AGRARIO DE LOS LAGOS, CIÉNAGAS, PLAYONES Y SABANAS COMUNALES",,"H.S. AÍDA AVELLA ESQUIVEL, JAHEL QUIROGA CARRILLO, CLARA EUGENIA LOPEZ OBREGÓN, GLORIA INES FLOREZ SCHNEIDER, AIDA MARINA QUILCUE VIVAS, OMAR DE JESÚS RESTREPO CORREA, CATALINA DEL SOCORRO PÉREZ, H.R. GABRIEL BECERRA YAÑEZ.",CUARTA
POR MEDIO DE LA CUAL SE ESTABLECE EL DÍA NACIONAL EN CONMEMORACIÓN DE LAS VÍCTIMAS DEL GENOCIDIO CONTRA LA UNIÓN PATRIÓTICA Y SE DICTAN OTRAS DISPOSICIONES,F Radicado: 26 Octubre 2022 | N° Senado: 248/24 | N° Camara: 258/22,"H.S. JAEL QUIROGA CARRILLO, AIDA YOLANDA AVELLA ESQUIVEL, IVÁN CEPEDA CASTRO, SANDRA RAMÍREZ LOBO SILVA, ISABEL CRISTINA ZULETA, JULIO CÉSAR ESTRADA CORDERO, IMELD DAZA COTES, MARÍA JOSÉ PIZARRO, GLORIA INÉS FLÓREZ SCHNEIDER, AIDA MARINA QUILCUÉ, OMAR DE JESÚS RESTREPO, MARTHA ISABEL PERALTA, H.R. GABRIEL BECERRA YÁÑEZ, ANDRÉS CANCIMANCE, ETNA TÁMARA ARGOTE, DAVID ALEJANDRO TORO, GABRIEL ERNESTO PARRADO, MARRY ANNE ANDREA PERDOMO.","PENDIENTE RENDIR PONENCIA PARA SEGUNDO DEBATE EN SENADO
TEXTO DEFINITO DE PRIMER DEBATE GACETA 957/24"
POR MEDIO DE LA CUAL SE REGULAN LAS FÓRMULAS TARIFARIAS EN ENERGÍA Y SE DICTAN OTRAS DISPOSICIONES,,"H.S. ANTONIO JOSÉ CORREA JIMÉNEZ, CLAUDIA MARÍA PÉREZ GIRALDO, JULIO ELÍAS CHAGUI FLOREZ, JULIO ALBERTO ELÍAS VIDAL, NADIA GEORGETTE BLEL SCAFF, KARINA ESPINOSA OLIVER, LAURA FORTICH SÁNCHEZ, JOHN JAIRO ROLDÁN AVENDAÑO, JUAN FELIPE LEMOS URIBE, LILIANA ESTHER BITAR CASTILLA, HUMBERTO DE LA CALLE LOMBANA, FABIO AMÍN SALEME, MARTHA ISABEL PERALTA EPIEYÚ, CARLOS MARIO FARELO DAZA, JUAN CARLOS GARCÉS ROJAS, SANDRA RAMÍREZ LOBO SILVA, OMAR DE JESÚS RESTREPO CORREA, JULIAN GALLO CUBILLOS","POR MEDIO DEL CUAL SE ESTABLECEN MECANISMOS PARA EL SALVAMENTO, CAPITALIZACIÓN Y REACTIVACIÓN EMPRESARIAL DE LAS SALINAS MARÍTIMAS DE MANAURE - SAMA LTDA ¨MENSAJE DE URGENCIA¨

F Radicado: 13 Marzo 2024 | N° Senado: 259/24 | N° Camara: 399/24
Autor: EL MINISTRO DE COMERCIO, INDUSTRIA Y TURISMO - GERMAN UMAÑA MENDOZA, H.S.ALFREDO RAFAEL DELUQUE ZULETA, JULIO ELIAS VIDAL, MARTHA ISABEL PERALTA EPIEYU, JOHN JAIRO ROLDÁN AVENDAÑO, AIDA YOLANDA AVELLA ESQUIVEL, CLARA EUGENIA LÓPEZ OBREGÓN, CLAUDIA MARÍA PÉREZ GIRALDO, GLORIA INÉS FLÓREZ SCHNEIDER, SANDRA YANETH JAIMES CRUZ, CATALINA DEL SOCORRO PÉREZ PÉREZ, ISABEL CRISTINA ZULETA LÓPEZ, JAEL QUIROGA CARRILLO, OMAR DE JESÚS RESTREPO CORREA, PABLO CATATUMBO TORRES VICTORIA, SANDRA RAMÍREZ LOBO, ROBERT DAZA GUEVARA, JAIRO ALBERTO CASTELLANOS SERRANO, IMELDA DAZA COTES, GUSTAVO ADOLFO MORENO HURTADO, GUIDO ECHEVERRI PIEDRAHITA, INTI RAÚL ASPRILLA REYES, YULY ESMERALDA HERNÁNDEZ SILVA, PEDRO HERNANDO FLÓREZ PORRAS, JUAN FELIPE LEMOS URIBE, LAURA ESTHER FORTICH SANCHEZ, JULIÁN GALLO CUBILLOS, IVÁN CEPEDA CASTRO H.R.EDUARD GIOVANNY SARMIENTO HIDALGO, JOSÉ ELIÉCER SALAZAR LÓPEZ, OLGA LUCIA VELÁSQUEZ NIETO, JAIRO REINALDO CALA SUÁREZ, LUIS DAVID SÚAREZ CHADID, HUGO DANILO LOZANO PIMIENTO, GABRIEL ERNESTO PARRADO DURÁN, ALFREDO MONDRAGÓN GARZÓN, DAVID RICARDO RACERO MAYORCA, KAREN ASTRITH MANRIQUE OLARTE, JULIÁN DAVID LÓPEZ TENORIO, ERMES EVELIO PETE VIVAS, ANDRÉS GUILLERMO MONTES CELEDÓN, ETNA TAMARA ARGOTE CALDERÓN, JORGE HERNÁN BASTIDAS ROSERO, ANÍBAL GUSTAVO HOYOS FRANCO, JENNIFER DALLEY PEDRAZA SANDOVAL, GLORIA LILIANA RODRÍGUEZ VALENCIA, LEYLA MARLENY RINCÓN TRUJILLO, JORGE ELIÉCER TAMAYO MARULANDA, MARÍA FERNANDA CARRASCAL ROJAS, LUIS ALBERTO ALBÁN URBANO, CARMEN FELISA RAMÍREZ BOSCÁN, HAIVER RINCÓN GUTIÉRREZ, GLORIA ELENA ARIZABALETA CORRAL, HERACLITO LANDINEZ SUÁREZ, JORGE ANDRÉS CANCIMANCE LÓPEZ, PEDRO JOSÉ SÚAREZ VACCA, CARLOS ALBERTO CARREÑO MARIN, GABRIEL BECERRA YAÑEZ, MARY ANNE ANDREA PERDOMO, NORMAN DAVID BAÑOL ÁLVAREZ, SUSANA GÓMEZ CASTAÑO, DAVID ALEJANDRO TORO RAMÍREZ, PEDRO BARACUTAO GARCÍA OSPINA, GERMÁN JOSÉ GÓMEZ LÓPEZ, WILMER YAIR CASTELLANOS HERNÁNDEZ, ALIRIO URIBE MUÑOZ, MODESTO ENRIQUE AGUILERA VIDES, GERSEL LUIS PÉREZ ALTAMIRANDA, SANTIAGO OSORIO MARÍN, DOLCEY OSCAR TORRES ROMERO, PIEDAD CORREAL RUBIANO, JAMES HERMENEGILDO MOSQUERA TORRES, JAVIER ALEXANDER SÁNCHEZ REYES, FERNANDO DAVID NIÑO MENDOZA, HERNANDO GONZÁLEZ, ALEXANDER HARLEY BERMÚDEZ LASSO, DORINA HERNÁNDEZ PALOMINO, CÉSAR CRISTIAN GÓMEZ CASTRO, ERICK ADRIÁN VELASCO BURBANO, MAURICIO PARODI DÍAZ, JULIO CÉSAR TRIANA QUINTERO, MILENE JARAVA DÍAZ, WADITH ALBERTO MANZUR IMBETT, CIRO ANTONIO RODRÍGUEZ PINZÓN, MÓNICA KARINA BOCANEGRA PANTOJA, WILDER IBERSON ESCOBAR ORTIZ, OLGA BEATRIZ GONZÁLEZ CORREA, INGRID JOHANA AGUIRRE JUVINAO, ORLANDO CASTILLO ADVINCULA, ANDRÉS DAVID CALLE AGUAS, MARÍA DEL MAR PIZARRO GARCÍA, MARTHA LISBETH ALFONSO JURADO, JOHN EDGAR PÉREZ ROJAS, HERNANDO GUIDA PONCE"
POR MEDIO DE LA CUAL SE TRANSFORMA EL SISTEMA DE SALUD EN COLOMBIA Y SE DICTAN OTRAS DISPOSICIONES,F Radicado: 05 Marzo 2024 | N° Senado: 241/24 | N° Camara:,"H.S. ISABEL CRISTINA ZULETA LÓPEZ, MARTHA ISABEL PERALTA EPIEYU, AIDA YOLANDA AVELLA ESQUIVEL, CÉSAR AUGUSTO PACHÓN ACHURY, H.R.ALFREDO MONDRAGÓN GARZÓN, DAVID RICARDO RACERO MAYORCA, AGMETH JOSÉ ESCAF TIJERINO, PEDRO BARACUTAO GARCÍA OSPINA, JUAN CARLOS VARGAS SOLER, JUAN PABLO SALAZAR RIVERA MINISTRA DE SALUD - CAROLINA CORCHO MEJÍA",QUINTA
POR MEDIO DE LA CUAL SE ESTABLECEN MEDIDAS PARA GARANTIZAR EL ACCESO AL AGUA PARA CONSUMO HUMANO Y SANEAMIENTO BÁSICO EN EL DEPARTAMENTO DE LA GUAJIRA,,"H.S. MARTHA ISABEL PERALTA EPIEYÚ, OMAR DE JESÚS RESTREPO CORREA, ESMERALDA HERNÁNDEZ SILVA, BERENICE BEDOYA PÉREZ, JAEL QUIROGA CARRILLO, ALEX XAVIER FLÓREZ HERNÁNDEZ, WILSON NEVER ARIAS CASTILLO, SANDRA YANETH JAIMES CRUZ, DIDIER LOBO CHINCHILLA, CLARA LÓPEZ OBREGÓN, IMELDA DAZA COTES, ISABEL CRISTINA ZULETA LÓPEZ, INTI RAÚL ASPRILLA REYES, MARÍA JOSÉ PIZARRO RODRÍGUEZ, JOSUÉ ALIRIO BARRERAS RODRÍGUEZ, JOSÉ VICENTE CARREÑO CASTRO, JULIO CÉSAR ESTRADA CORDERO, GLORIA INÉS FLÓREZ SCHNEIDER, CARLOS ALBERTO BENAVIDES MORA, ROBERT DAZA GUEVARA, ESTEBAN QUINTERO CARDONA, KARINA ESPINOSA OLIVER, H.R. HERACLITO LANDINEZ SUÁREZ, MARÍA DEL MAR PIZARRO GARCÍA, DAVID ALEJANDRO TORO RAMÍREZ, GABRIEL BECERRA YAÑEZ, PEDRO JOSÉ SUÁREZ VACCA, ANDRÉS CANCIMANCE LÓPEZ y otras firmas ilegibles.","ARCHIVADO
Conforme al artículo 190 de la LEY 5 DE 1992, no se discutió ponencia para segundo debate senado."
POR MEDIO DEL CUAL SE ESTABLECEN LINEAMIENTOS PARA LA DIGNIFICACIÓN LABORAL DEL TRABAJO SEXUAL EN COLOMBIA Y SE DICTAN OTRAS DISPOSICIONES,F Radicado: 26 Febrero 2024 | N° Senado: 227/24 | N° Camara: 307/24,"H.S. SANDRA RAMÍREZ LOBO SILVA, JULIAN GALLO CUBILLOS, PABLO CATATUMBO TORRES, H.R. CARLOS ALBERTO CARREÑO, JAIRO REINALDO CALA, LUIS ALBERTO ALBÁN, OMAR DE JESÚS RESTREPO, GERMÁN GÓMEZ, PEDRO BARACUTAO.","POR MEDIO DE LA CUAL SE RECONOCE AL PAISAJE CULTURAL CAFETERO DE COLOMBIA COMO ZONA RESTRINGIDA DE MINERÍA Y SE DICTAN OTRAS DISPOSICIONES.

F Radicado: 26 Octubre 2022 | N° Senado: 248/24 | N° Camara: 258/22
Autor: Honorables Senadores Inti Raúl Asprilla Reyes y Edwing Fabián Díaz Plata.
Honorables Representantes. Alejandro García Ríos, Piedad Correal Rubiano, Carolina Giraldo Botero, John Edgar Pérez Rojas, Carlos Edward Osorio Aguiar, Juan Sebastián Gómez Gonzáles, Delcy Esperanza Isaza Buenaventura, John Fredy Núñez Ramos, Julia Miranda Londoño, Santiago Osorio Marín, Gabriel Becerra Yañez, Omar De Jesús Restrepo Correa, Hernando González, Jorge Eliécer Tamayo Marulanda y Aníbal Gustavo Hoyos Franco."
"POR MEDIO DE LA CUAL SE BUSCA GARANTIZAR EL RECONOCIMIENTO Y PAGO DE LA PENSIÓN ESPECIAL DE VEJEZ POR OCUPACIONES DE ALTO RIESGO, PARA LA SALUD Y SE DICTAN OTRAS DISPOSICIONES",,"H.S. OMAR DE JESUS RESTREPO CORREA, ROBERT DAZA GUEVARA, JULIAN GALLO CUBILLOS, SANDRA RAMIREZ LOBO SILVA, FABIAN DIAZ PLATA, CARLOS ALBERTO BENAVIDES MORA, MARTHA ISABEL PERALTA EPIEYÚ, PABLO CATATUMBO TORRES, IMELDA DAZA COTES, H.R. GERMAN JOSE GOMEZ LÓPEZ,CARLOS ALBERTO CARREÑO,LEYLA MARLENI RINCON TRUJILLO,LUIS ALBERTO ALBAN,JAIRO REINALDO CALA,PEDRO BARACUTAO,ANDRES CACIMANCE LOPEZ,GABRIEL PARRADO,PEDRO BARACUTAO,MARIA FERNANDA CARRASCAL ROJAS",QUINTA
"POR LA CUAL SE CREAN LOS CENTROS REGIONALES DE BIENESTAR ANIMAL, SE FORMULAN LINEAMIENTOS PARA SU ADECUACIÓN, OPERACIÓN Y FUNCIONAMIENTO, Y SE DICTAN OTRAS DISPOSICIONES",F Radicado: 20 Febrero 2024 | N° Senado: 220/24 | N° Camara:,"H.S. ANDREA PADILLA VILLARRAGA, OMAR DE JESÚS RESTREPO CORREA, FABIAN DIAZ PLATA, ANGÉLICA LOZANO CORREA, SOLEDAD TAMAYO TAMAYO, CLAUDIA PÉREZ GIRALDO",PENDIENTE RENDIR PONENCIA PARA SEGUNDO DEBATE EN SENADO
POR MEDIO DE LA CUAL SE EXPIDE EL CÓDIGO DE ÉTICA PARA EL EJERCICIO DE LA FISIOTERAPIA EN COLOMBIA,,"SANDRA RAMÍREZ LOBO SILVA, IMELDA DAZA COTES, JULIÁN GALLO CUBILLOS, OMAR DE JESÚS RESTREPO, PABLO CATATUMBO TORRES VICTORIA, H.R. CARLOS ALBERTO CARREÑO MARÍN, LUIS ALBERTO ALBÁN URBANO, JAIRO REINALDO CALA SUÁREZ, PEDRO BARACUTAO GARCÍA OSPINA, GERMÁN GÓMEZ LÓPEZ.","POR MEDIO DEL CUAL SE ADOPTA UNA POLÍTICA DE ESTADO PARA ORDENAR LA DELIMITACIÓN, RECUPERACIÓN, RESTAURACIÓN Y ORDENAMIENTO AMBIENTAL Y AGRARIO DE LOS LAGOS, CIÉNAGAS, PLAYONES Y SABANAS COMUNALES

F Radicado: 05 Marzo 2024 | N° Senado: 241/24 | N° Camara:
Autor: H.S. AÍDA AVELLA ESQUIVEL, JAHEL QUIROGA CARRILLO, CLARA EUGENIA LOPEZ OBREGÓN, GLORIA INES FLOREZ SCHNEIDER, AIDA MARINA QUILCUE VIVAS, OMAR DE JESÚS RESTREPO CORREA, CATALINA DEL SOCORRO PÉREZ, H.R. GABRIEL BECERRA YAÑEZ."
"POR LA CUAL SE DICTAN DISPOSICIONES ESPECIALES PARA LA CONSOLIDACIÓN Y MEJORAMIENTO DEL HÁBITAT, LA CONSTRUCCIÓN Y EL RECONOCIMIENTO DE LA PROPIEDAD SOBRE LA VIVIENDA DE INTERES SOCIAL Y PRIORITARIO RURAL (VIS-VIP) EN EL TERRITORIO NACIONAL Y SE DICTAN OTRAS DISPOSICIONES","F Radicado: 13 Febrero 2023 | N° Senado: 216/23 | N° Camara: 339/23 ACUM 340,341,344/23","H.S. DAVID ANDRES LUNA SANCHEZ, MARTHA PERALTA EPIEYU",SEGUNDA
"POR MEDIO DE LA CUAL SE MODIFICA EL ARTÍCULO 430 DEL CÓDIGO SUSTANTIVO DEL TRABAJO, PROHIBICIÓN DE LA HUELGA EN LOS SERVICIOS PÚBLICOS ESENCIALES",,"H.S. MARÍA FERNANDA CABAL MOLINA, PALOMA VALENCIA LASERNA, H.R. CRISTIAN GARCÉS ALJURE, HERNAN DARÍO CADAVID MÁRQUEZ.",PENDIENTE RENDIR PONENCIA PARA PRIMER DEBATE EN CÁMARA
"MEDIANTE LA CUAL SE MODIFICA LA LEY 1523 DE 2012, RECONOCIENDO E INCLUYENDO A LOS ANIMALES DENTRO DE LA POLÍTICA DE GESTIÓN DE RIESGOS DE DESASTRE Y SE DICTAN OTRAS DISPOSICIONES",F Radicado: 22 Noviembre 2023 | N° Senado: 197/23 acumulado con el 207/23 | N° Camara:,"H.S. ESMERALDA HERNÁNDEZ SILVA, PEDRO HERNANDO FLÓREZ PORRAS, CLARA EUGENIA LÓPEZ OBREGÓN, CATALINA PÉREZ PÉREZ, OMAR DE JESÚS RESTREPO, ISABEL CRISTINA ZULETA LÓPEZ, PIEDAD CÓRDOBA RUÍZ, AÍDA AVELLA ESQUIVEL, MARÍA JOSÉ PIZARRO RODRÍGUEZ, AIDA MARINA QUILCUE VIVAS, SANDRA RAMIREZ LOBO SILVA, H.R. ALIRIO URIBE MUÑÓZ, EDUARD SARMIENTO HIDALGO, ERICK ADRIAN VELASCO BURBANO, LISBETH ALFONSO JURADO, ANDRÉS CANCIMANCE LÓPEZ, HERÁCLITO LANDINEZ SUÁREZ, GABRIEL BECERRA YAÑEZ, MARIA DEL MAR PIZARRO GARCÍA, ALEJANDRO OCAMPO GIRALDO, AGMETH SCAFF TIJERINO, MARIA FERNANDA CARRASCAL ROJAS, PEDRO SUÁREZ VACCA, NORMAL BAÑOL ÁLVAREZ, y otras firmas ilegibles.","POR MEDIO DE LA CUAL SE ESTABLECE EL DÍA NACIONAL EN CONMEMORACIÓN DE LAS VÍCTIMAS DEL GENOCIDIO CONTRA LA UNIÓN PATRIÓTICA Y SE DICTAN OTRAS DISPOSICIONES

F Radicado: 26 Febrero 2024 | N° Senado: 227/24 | N° Camara: 307/24
Autor: H.S. JAEL QUIROGA CARRILLO, AIDA YOLANDA AVELLA ESQUIVEL, IVÁN CEPEDA CASTRO, SANDRA RAMÍREZ LOBO SILVA, ISABEL CRISTINA ZULETA, JULIO CÉSAR ESTRADA CORDERO, IMELD DAZA COTES, MARÍA JOSÉ PIZARRO, GLORIA INÉS FLÓREZ SCHNEIDER, AIDA MARINA QUILCUÉ, OMAR DE JESÚS RESTREPO, MARTHA ISABEL PERALTA, H.R. GABRIEL BECERRA YÁÑEZ, ANDRÉS CANCIMANCE, ETNA TÁMARA ARGOTE, DAVID ALEJANDRO TORO, GABRIEL ERNESTO PARRADO, MARRY ANNE ANDREA PERDOMO."
,,,SEXTA
,F Radicado: 17 Octubre 2023 | N° Senado: 186/23 | N° Camara:,,PENDIENTE DISCUTIR PONENCIA PARA SEGUNDO DEBATE EN SENADO
,,,"POR MEDIO DE LA CUAL SE REGULAN LAS FÓRMULAS TARIFARIAS EN ENERGÍA Y SE DICTAN OTRAS DISPOSICIONES

F Radicado: 20 Febrero 2024 | N° Senado: 220/24 | N° Camara:
Autor: H.S. ANTONIO JOSÉ CORREA JIMÉNEZ, CLAUDIA MARÍA PÉREZ GIRALDO, JULIO ELÍAS CHAGUI FLOREZ, JULIO ALBERTO ELÍAS VIDAL, NADIA GEORGETTE BLEL SCAFF, KARINA ESPINOSA OLIVER, LAURA FORTICH SÁNCHEZ, JOHN JAIRO ROLDÁN AVENDAÑO, JUAN FELIPE LEMOS URIBE, LILIANA ESTHER BITAR CASTILLA, HUMBERTO DE LA CALLE LOMBANA, FABIO AMÍN SALEME, MARTHA ISABEL PERALTA EPIEYÚ, CARLOS MARIO FARELO DAZA, JUAN CARLOS GARCÉS ROJAS, SANDRA RAMÍREZ LOBO SILVA, OMAR DE JESÚS RESTREPO CORREA, JULIAN GALLO CUBILLOS"
,F Radicado: 26 Septiembre 2023 | N° Senado: 163/23 | N° Camara:,,SEPTIMA
,,,"ARCHIVADO
En sesión de Comisión del 3/04/2024 - Oficio solicitud retiro Gaceta 452/2023 - Mesas Técnicas Gaceta 280/24 - MNSSS Gaceta 295/24 - CUT Gaceta 295/24 - SINTRACARBÓN Gaceta 295/24 - ACEB Gaceta 295/24 - SINTRAPULCAR Gaceta 295/24 - SUBDIRECTIVA SUNET - ESE HOSPITAL DEPARTAMENTAL MARÍA INMACULADA Gaceta 295/24"
,F Radicado: 19 Septiembre 2023 | N° Senado: 144/23 | N° Camara: 218/24,,"POR MEDIO DE LA CUAL SE TRANSFORMA EL SISTEMA DE SALUD EN COLOMBIA Y SE DICTAN OTRAS DISPOSICIONES

F Radicado: 13 Febrero 2023 | N° Senado: 216/23 | N° Camara: 339/23 ACUM 340,341,344/23
Autor: H.S. ISABEL CRISTINA ZULETA LÓPEZ, MARTHA ISABEL PERALTA EPIEYU, AIDA YOLANDA AVELLA ESQUIVEL, CÉSAR AUGUSTO PACHÓN ACHURY, H.R.ALFREDO MONDRAGÓN GARZÓN, DAVID RICARDO RACERO MAYORCA, AGMETH JOSÉ ESCAF TIJERINO, PEDRO BARACUTAO GARCÍA OSPINA, JUAN CARLOS VARGAS SOLER, JUAN PABLO SALAZAR RIVERA MINISTRA DE SALUD - CAROLINA CORCHO MEJÍA"
,,,QUINTA
,F Radicado: 13 Septiembre 2023 | N° Senado: 141/23 | N° Camara:,,PENDIENTE DISCUTIR PONENCIA PARA SEGUNDO DEBATE EN SENADO
,,,"POR MEDIO DE LA CUAL SE ESTABLECEN MEDIDAS PARA GARANTIZAR EL ACCESO AL AGUA PARA CONSUMO HUMANO Y SANEAMIENTO BÁSICO EN EL DEPARTAMENTO DE LA GUAJIRA

F Radicado: 22 Noviembre 2023 | N° Senado: 197/23 acumulado con el 207/23 | N° Camara:
Autor: H.S. MARTHA ISABEL PERALTA EPIEYÚ, OMAR DE JESÚS RESTREPO CORREA, ESMERALDA HERNÁNDEZ SILVA, BERENICE BEDOYA PÉREZ, JAEL QUIROGA CARRILLO, ALEX XAVIER FLÓREZ HERNÁNDEZ, WILSON NEVER ARIAS CASTILLO, SANDRA YANETH JAIMES CRUZ, DIDIER LOBO CHINCHILLA, CLARA LÓPEZ OBREGÓN, IMELDA DAZA COTES, ISABEL CRISTINA ZULETA LÓPEZ, INTI RAÚL ASPRILLA REYES, MARÍA JOSÉ PIZARRO RODRÍGUEZ, JOSUÉ ALIRIO BARRERAS RODRÍGUEZ, JOSÉ VICENTE CARREÑO CASTRO, JULIO CÉSAR ESTRADA CORDERO, GLORIA INÉS FLÓREZ SCHNEIDER, CARLOS ALBERTO BENAVIDES MORA, ROBERT DAZA GUEVARA, ESTEBAN QUINTERO CARDONA, KARINA ESPINOSA OLIVER, H.R. HERACLITO LANDINEZ SUÁREZ, MARÍA DEL MAR PIZARRO GARCÍA, DAVID ALEJANDRO TORO RAMÍREZ, GABRIEL BECERRA YAÑEZ, PEDRO JOSÉ SUÁREZ VACCA, ANDRÉS CANCIMANCE LÓPEZ y otras firmas ilegibles."
,F Radicado: 09 Agosto 2023 | N° Senado: 094/23 | N° Camara: 261/24,,SEPTIMA
,,,"ARCHIVADO
Art 190 Ley 5 de 1992 (No se discutió Ponencia para Primer debate en Senado)"
,F Radicado: 01 Agosto 2023 | N° Senado: 053/23 | N° Camara:,,"POR MEDIO DEL CUAL SE ESTABLECEN LINEAMIENTOS PARA LA DIGNIFICACIÓN LABORAL DEL TRABAJO SEXUAL EN COLOMBIA Y SE DICTAN OTRAS DISPOSICIONES

F Radicado: 17 Octubre 2023 | N° Senado: 186/23 | N° Camara:
Autor: H.S. SANDRA RAMÍREZ LOBO SILVA, JULIAN GALLO CUBILLOS, PABLO CATATUMBO TORRES, H.R. CARLOS ALBERTO CARREÑO, JAIRO REINALDO CALA, LUIS ALBERTO ALBÁN, OMAR DE JESÚS RESTREPO, GERMÁN GÓMEZ, PEDRO BARACUTAO."
,,,SEPTIMA
,F Radicado: 24 Julio 2023 | N° Senado: 009/23 | N° Camara: 207/24,,"PENDIENTE DISCUTIR PONENCIA PARA SEGUNDO DEBATE EN SENADO
CONCEPTO JURÍDICO Belisario Velásquez y & Asociados S.A.S Gaceta 1669/24 - SOC. COL. DE MEDICINA DEL TRABAJO Gaceta 1667/24"
,,,"POR MEDIO DE LA CUAL SE BUSCA GARANTIZAR EL RECONOCIMIENTO Y PAGO DE LA PENSIÓN ESPECIAL DE VEJEZ POR OCUPACIONES DE ALTO RIESGO, PARA LA SALUD Y SE DICTAN OTRAS DISPOSICIONES

F Radicado: 26 Septiembre 2023 | N° Senado: 163/23 | N° Camara:
Autor: H.S. OMAR DE JESUS RESTREPO CORREA, ROBERT DAZA GUEVARA, JULIAN GALLO CUBILLOS, SANDRA RAMIREZ LOBO SILVA, FABIAN DIAZ PLATA, CARLOS ALBERTO BENAVIDES MORA, MARTHA ISABEL PERALTA EPIEYÚ, PABLO CATATUMBO TORRES, IMELDA DAZA COTES, H.R. GERMAN JOSE GOMEZ LÓPEZ,CARLOS ALBERTO CARREÑO,LEYLA MARLENI RINCON TRUJILLO,LUIS ALBERTO ALBAN,JAIRO REINALDO CALA,PEDRO BARACUTAO,ANDRES CACIMANCE LOPEZ,GABRIEL PARRADO,PEDRO BARACUTAO,MARIA FERNANDA CARRASCAL ROJAS"
,,,QUINTA
,,,"PENDIENTE RENDIR PONENCIA PARA PRIMER DEBATE EN CÁMARA
ENVIADO EL 15 DE AGOSTO DE 2024"
,,,"POR LA CUAL SE CREAN LOS CENTROS REGIONALES DE BIENESTAR ANIMAL, SE FORMULAN LINEAMIENTOS PARA SU ADECUACIÓN, OPERACIÓN Y FUNCIONAMIENTO, Y SE DICTAN OTRAS DISPOSICIONES

F Radicado: 19 Septiembre 2023 | N° Senado: 144/23 | N° Camara: 218/24
Autor: H.S. ANDREA PADILLA VILLARRAGA, OMAR DE JESÚS RESTREPO CORREA, FABIAN DIAZ PLATA, ANGÉLICA LOZANO CORREA, SOLEDAD TAMAYO TAMAYO, CLAUDIA PÉREZ GIRALDO"
,,,SEXTA
,,,PENDIENTE DISCUTIR PONENCIA PARA SEGUNDO DEBATE EN SENADO
,,,"POR MEDIO DE LA CUAL SE EXPIDE EL CÓDIGO DE ÉTICA PARA EL EJERCICIO DE LA FISIOTERAPIA EN COLOMBIA

F Radicado: 13 Septiembre 2023 | N° Senado: 141/23 | N° Camara:
Autor: SANDRA RAMÍREZ LOBO SILVA, IMELDA DAZA COTES, JULIÁN GALLO CUBILLOS, OMAR DE JESÚS RESTREPO, PABLO CATATUMBO TORRES VICTORIA, H.R. CARLOS ALBERTO CARREÑO MARÍN, LUIS ALBERTO ALBÁN URBANO, JAIRO REINALDO CALA SUÁREZ, PEDRO BARACUTAO GARCÍA OSPINA, GERMÁN GÓMEZ LÓPEZ."
,,,SEPTIMA
,,,"PENDIENTE RENDIR PONENCIA PARA PRIMER DEBATE EN CÁMARA
enviado a cámara el 28 de agosto de 2024"
,,,"POR LA CUAL SE DICTAN DISPOSICIONES ESPECIALES PARA LA CONSOLIDACIÓN Y MEJORAMIENTO DEL HÁBITAT, LA CONSTRUCCIÓN Y EL RECONOCIMIENTO DE LA PROPIEDAD SOBRE LA VIVIENDA DE INTERES SOCIAL Y PRIORITARIO RURAL (VIS-VIP) EN EL TERRITORIO NACIONAL Y SE DICTAN OTRAS DISPOSICIONES

F Radicado: 09 Agosto 2023 | N° Senado: 094/23 | N° Camara: 261/24
Autor: H.S. DAVID ANDRES LUNA SANCHEZ, MARTHA PERALTA EPIEYU"
,,,SEPTIMA
,,,"ARCHIVADO
Art 190 Ley 5 de 1992 (No se discutió Ponencia para Primer debate en Senado)"
,,,"POR MEDIO DE LA CUAL SE MODIFICA EL ARTÍCULO 430 DEL CÓDIGO SUSTANTIVO DEL TRABAJO, PROHIBICIÓN DE LA HUELGA EN LOS SERVICIOS PÚBLICOS ESENCIALES

F Radicado: 01 Agosto 2023 | N° Senado: 053/23 | N° Camara:
Autor: H.S. MARÍA FERNANDA CABAL MOLINA, PALOMA VALENCIA LASERNA, H.R. CRISTIAN GARCÉS ALJURE, HERNAN DARÍO CADAVID MÁRQUEZ."
,,,SEXTA
,,,"PENDIENTE RENDIR PONENCIA PARA PRIMER DEBATE EN CÁMARA
ENVIADO A CAMARA EL 14 DE AGOSTO DE 2024"
,,,"MEDIANTE LA CUAL SE MODIFICA LA LEY 1523 DE 2012, RECONOCIENDO E INCLUYENDO A LOS ANIMALES DENTRO DE LA POLÍTICA DE GESTIÓN DE RIESGOS DE DESASTRE Y SE DICTAN OTRAS DISPOSICIONES

F Radicado: 24 Julio 2023 | N° Senado: 009/23 | N° Camara: 207/24
Autor: H.S. ESMERALDA HERNÁNDEZ SILVA, PEDRO HERNANDO FLÓREZ PORRAS, CLARA EUGENIA LÓPEZ OBREGÓN, CATALINA PÉREZ PÉREZ, OMAR DE JESÚS RESTREPO, ISABEL CRISTINA ZULETA LÓPEZ, PIEDAD CÓRDOBA RUÍZ, AÍDA AVELLA ESQUIVEL, MARÍA JOSÉ PIZARRO RODRÍGUEZ, AIDA MARINA QUILCUE VIVAS, SANDRA RAMIREZ LOBO SILVA, H.R. ALIRIO URIBE MUÑÓZ, EDUARD SARMIENTO HIDALGO, ERICK ADRIAN VELASCO BURBANO, LISBETH ALFONSO JURADO, ANDRÉS CANCIMANCE LÓPEZ, HERÁCLITO LANDINEZ SUÁREZ, GABRIEL BECERRA YAÑEZ, MARIA DEL MAR PIZARRO GARCÍA, ALEJANDRO OCAMPO GIRALDO, AGMETH SCAFF TIJERINO, MARIA FERNANDA CARRASCAL ROJAS, PEDRO SUÁREZ VACCA, NORMAL BAÑOL ÁLVAREZ, y otras firmas ilegibles."
